case,exchange,pair,side,start,end,hours,date,n,notional
1,bybit,ETH-USDT,buy,2026-09-29 15:00:00,2026-09-29 17:00:00,2,20260929,257,2177885
1,hyperliquid,ETH-USD.PERP,sell,2026-09-29 15:00:00,2026-09-29 17:00:00,2,20260929,226,2177657
10,bitget,BTC-USDT,buy,2026-09-25 17:00:00,2026-09-25 21:00:00,4,20260925,239,2099628
10,hyperliquid,BTC-USDC.PERP,sell,2026-09-25 17:00:00,2026-09-25 21:00:00,4,20260925,303,2098467
11,hyperliquid,TAO-USD.PERP,buy,2026-09-25 12:00:00,2026-09-25 21:00:00,9,20260925,967,121561
11,okex,TAO-USDT.PERP,sell,2026-09-25 12:00:00,2026-09-25 21:00:00,9,20260925,335,121346
12,bitget,ZEC-USDT.PERP,sell,2026-09-24 22:00:00,2026-09-25 00:00:00,2,20260924,399,1210762
12,okex,ZEC-USDT.PERP,buy,2026-09-24 22:00:00,2026-09-25 00:00:00,2,20260924,442,1211598
13,bitget,ETH-USDT,buy,2026-09-17 12:00:00,2026-09-17 14:00:00,2,20260917,257,3919648
13,hyperliquid,ETH-USD.PERP,sell,2026-09-17 12:00:00,2026-09-17 14:00:00,2,20260917,185,3916672
14,bitget,BTC-USDT,buy,2026-09-17 07:00:00,2026-09-17 12:00:00,5,20260917,293,1836475
14,hyperliquid,BTC-USD.PERP,sell,2026-09-17 07:00:00,2026-09-17 12:00:00,5,20260917,196,1835122
15,binancefutures,PONS-USDT.PERP,buy,2026-09-17 10:00:00,2026-09-17 12:00:00,2,20260917,407,127818
15,hyperliquid,PONS-USDC.PERP,sell,2026-09-17 10:00:00,2026-09-17 12:00:00,2,20260917,262,127840
2,bybit,VVV-USDT.PERP,buy,2026-09-29 07:00:00,2026-09-29 12:00:00,5,20260929,1458,182864
2,hyperliquid,VVV-USDC.PERP,sell,2026-09-29 07:00:00,2026-09-29 12:00:00,5,20260929,787,183022
3,bybit,AERO-USDT.PERP,buy,2026-09-29 07:00:00,2026-09-29 12:00:00,5,20260929,574,134760
3,hyperliquid,AERO-USDC.PERP,sell,2026-09-29 07:00:00,2026-09-29 12:00:00,5,20260929,1078,134844
4,asterperps,MORPHO-USDT.PERP,"buy,sell",2026-09-28 23:00:00,2026-09-29 00:00:00,1,20260928,55,18985
5,bybit,LIT-USDT.PERP,buy,2026-09-28 23:00:00,2026-09-29 05:00:00,6,20260928,925,118919
5,hyperliquid,LIT-USD.PERP,sell,2026-09-28 23:00:00,2026-09-29 05:00:00,6,20260928,1003,118963
6,binancefutures,PUMP-USDT.PERP,buy,2026-09-28 11:00:00,2026-09-28 13:00:00,2,20260928,175,201298
6,hyperliquid,PUMP-USD.PERP,sell,2026-09-28 11:00:00,2026-09-28 13:00:00,2,20260928,248,201543
7,bybit,LIT-USDT,sell,2026-09-28 11:00:00,2026-09-28 13:00:00,2,20260928,662,175462
7,lighter,LIT-USD.PERP,buy,2026-09-28 11:00:00,2026-09-28 13:00:00,2,20260928,1878,175471
8,bybit,MON-USDT.PERP,sell,2026-09-27 21:00:00,2026-09-28 08:00:00,11,20260927,301,55232
8,hyperliquid,MON-USD.PERP,buy,2026-09-27 21:00:00,2026-09-28 08:00:00,11,20260927,1407,55394
9,hyperliquid,ZEC-USD.PERP,buy,2026-09-27 07:00:00,2026-09-27 10:00:00,3,20260927,513,1161394
9,okex,ZEC-USDT.PERP,sell,2026-09-27 07:00:00,2026-09-27 10:00:00,3,20260927,295,1159672
